{"cameraMode":{"drawMode":0,"name":"Shaded","section":"Shading Mode"},"sceneLighting":true,"audioPlay":false,"sceneViewState":{"showFog":true,"showMaterialUpdate":false,"showSkybox":true,"showFlares":true,"showImageEffects":true,"showParticleSystems":true},"in2DMode":false,"pivot":{"x":5.419069290161133,"y":11.842257499694825,"z":19.508161544799806},"rotation":{"x":0.084763303399086,"y":0.9109399914741516,"z":-0.23541899025440217,"w":0.32799598574638369},"size":22.575239181518556,"orthographic":false}